caseId,category,runIndex,outcome,accepted,acceptanceError,errorType,errorMessage,wallClockMs,seed,robotCount,taskCount,dynamicTaskCount,metrics,timeline,trajectory
integrated-demo-without-conflict-avoidance,integrated-direct,1,completed,True,,,,495.1,,4,6,0,"{""makespan"":233,""totalDistance"":532,""conflictCount"":1,""loadBalance"":97.54,""assignedTaskCount"":6,""deadlineMissCount"":0,""averageLateness"":0.0,""failureCount"":0,""replanTimeMs"":90.49}",[],[]
integrated-demo-without-conflict-avoidance,integrated-direct,2,completed,True,,,,509.44,,4,6,0,"{""makespan"":233,""totalDistance"":532,""conflictCount"":1,""loadBalance"":97.54,""assignedTaskCount"":6,""deadlineMissCount"":0,""averageLateness"":0.0,""failureCount"":0,""replanTimeMs"":112.29}",[],[]
integrated-demo-without-conflict-avoidance,integrated-direct,3,completed,True,,,,469.39,,4,6,0,"{""makespan"":233,""totalDistance"":532,""conflictCount"":1,""loadBalance"":97.54,""assignedTaskCount"":6,""deadlineMissCount"":0,""averageLateness"":0.0,""failureCount"":0,""replanTimeMs"":82.42}",[],[]
integrated-demo-without-conflict-avoidance,integrated-direct,4,completed,True,,,,461.04,,4,6,0,"{""makespan"":233,""totalDistance"":532,""conflictCount"":1,""loadBalance"":97.54,""assignedTaskCount"":6,""deadlineMissCount"":0,""averageLateness"":0.0,""failureCount"":0,""replanTimeMs"":86.06}",[],[]
integrated-demo-without-conflict-avoidance,integrated-direct,5,completed,True,,,,470.32,,4,6,0,"{""makespan"":233,""totalDistance"":532,""conflictCount"":1,""loadBalance"":97.54,""assignedTaskCount"":6,""deadlineMissCount"":0,""averageLateness"":0.0,""failureCount"":0,""replanTimeMs"":87.45}",[],[]
integrated-demo-with-conflict-avoidance,integrated-direct,1,completed,True,,,,430.57,,4,6,0,"{""makespan"":235,""totalDistance"":534,""conflictCount"":0,""loadBalance"":98.05,""assignedTaskCount"":6,""deadlineMissCount"":0,""averageLateness"":0.0,""failureCount"":0,""replanTimeMs"":48.94}",[],[]
integrated-demo-with-conflict-avoidance,integrated-direct,2,completed,True,,,,421.57,,4,6,0,"{""makespan"":235,""totalDistance"":534,""conflictCount"":0,""loadBalance"":98.05,""assignedTaskCount"":6,""deadlineMissCount"":0,""averageLateness"":0.0,""failureCount"":0,""replanTimeMs"":44.67}",[],[]
integrated-demo-with-conflict-avoidance,integrated-direct,3,completed,True,,,,424.74,,4,6,0,"{""makespan"":235,""totalDistance"":534,""conflictCount"":0,""loadBalance"":98.05,""assignedTaskCount"":6,""deadlineMissCount"":0,""averageLateness"":0.0,""failureCount"":0,""replanTimeMs"":50.16}",[],[]
integrated-demo-with-conflict-avoidance,integrated-direct,4,completed,True,,,,418.39,,4,6,0,"{""makespan"":235,""totalDistance"":534,""conflictCount"":0,""loadBalance"":98.05,""assignedTaskCount"":6,""deadlineMissCount"":0,""averageLateness"":0.0,""failureCount"":0,""replanTimeMs"":45.94}",[],[]
integrated-demo-with-conflict-avoidance,integrated-direct,5,completed,True,,,,421.65,,4,6,0,"{""makespan"":235,""totalDistance"":534,""conflictCount"":0,""loadBalance"":98.05,""assignedTaskCount"":6,""deadlineMissCount"":0,""averageLateness"":0.0,""failureCount"":0,""replanTimeMs"":42.45}",[],[]
main-demo-online,main-demo-online,1,completed,True,,,,893.67,,4,7,1,"{""makespan"":454,""totalDistance"":0,""conflictCount"":0,""loadBalance"":0.0,""assignedTaskCount"":0,""deadlineMissCount"":0,""averageLateness"":0.0,""failureCount"":0,""replanTimeMs"":7.27,""completedTaskCount"":7,""runtimeTaskCount"":1,""activeConflictCount"":0}","[{""time"":12,""action"":""addTask"",""completedTaskCount"":0,""activeConflictCount"":0,""failureCount"":0,""blockedCellCount"":0,""unavailableRobotCount"":0},{""time"":20,""action"":""addBlockedCell"",""completedTaskCount"":0,""activeConflictCount"":0,""failureCount"":0,""blockedCellCount"":1,""unavailableRobotCount"":0},{""time"":28,""action"":""failRobot"",""completedTaskCount"":0,""activeConflictCount"":0,""failureCount"":1,""blockedCellCount"":1,""unavailableRobotCount"":1},{""time"":36,""action"":""removeBlockedCell"",""completedTaskCount"":0,""activeConflictCount"":0,""failureCount"":0,""blockedCellCount"":0,""unavailableRobotCount"":1},{""time"":36,""action"":""restoreRobot"",""completedTaskCount"":0,""activeConflictCount"":0,""failureCount"":0,""blockedCellCount"":0,""unavailableRobotCount"":0},{""time"":700,""action"":""accept"",""completedTaskCount"":7,""activeConflictCount"":0,""failureCount"":0,""blockedCellCount"":0,""unavailableRobotCount"":0}]",[]
main-demo-online,main-demo-online,2,completed,True,,,,879.88,,4,7,1,"{""makespan"":454,""totalDistance"":0,""conflictCount"":0,""loadBalance"":0.0,""assignedTaskCount"":0,""deadlineMissCount"":0,""averageLateness"":0.0,""failureCount"":0,""replanTimeMs"":7.84,""completedTaskCount"":7,""runtimeTaskCount"":1,""activeConflictCount"":0}","[{""time"":12,""action"":""addTask"",""completedTaskCount"":0,""activeConflictCount"":0,""failureCount"":0,""blockedCellCount"":0,""unavailableRobotCount"":0},{""time"":20,""action"":""addBlockedCell"",""completedTaskCount"":0,""activeConflictCount"":0,""failureCount"":0,""blockedCellCount"":1,""unavailableRobotCount"":0},{""time"":28,""action"":""failRobot"",""completedTaskCount"":0,""activeConflictCount"":0,""failureCount"":1,""blockedCellCount"":1,""unavailableRobotCount"":1},{""time"":36,""action"":""removeBlockedCell"",""completedTaskCount"":0,""activeConflictCount"":0,""failureCount"":0,""blockedCellCount"":0,""unavailableRobotCount"":1},{""time"":36,""action"":""restoreRobot"",""completedTaskCount"":0,""activeConflictCount"":0,""failureCount"":0,""blockedCellCount"":0,""unavailableRobotCount"":0},{""time"":700,""action"":""accept"",""completedTaskCount"":7,""activeConflictCount"":0,""failureCount"":0,""blockedCellCount"":0,""unavailableRobotCount"":0}]",[]
main-demo-online,main-demo-online,3,completed,True,,,,888.6,,4,7,1,"{""makespan"":454,""totalDistance"":0,""conflictCount"":0,""loadBalance"":0.0,""assignedTaskCount"":0,""deadlineMissCount"":0,""averageLateness"":0.0,""failureCount"":0,""replanTimeMs"":7.87,""completedTaskCount"":7,""runtimeTaskCount"":1,""activeConflictCount"":0}","[{""time"":12,""action"":""addTask"",""completedTaskCount"":0,""activeConflictCount"":0,""failureCount"":0,""blockedCellCount"":0,""unavailableRobotCount"":0},{""time"":20,""action"":""addBlockedCell"",""completedTaskCount"":0,""activeConflictCount"":0,""failureCount"":0,""blockedCellCount"":1,""unavailableRobotCount"":0},{""time"":28,""action"":""failRobot"",""completedTaskCount"":0,""activeConflictCount"":0,""failureCount"":1,""blockedCellCount"":1,""unavailableRobotCount"":1},{""time"":36,""action"":""removeBlockedCell"",""completedTaskCount"":0,""activeConflictCount"":0,""failureCount"":0,""blockedCellCount"":0,""unavailableRobotCount"":1},{""time"":36,""action"":""restoreRobot"",""completedTaskCount"":0,""activeConflictCount"":0,""failureCount"":0,""blockedCellCount"":0,""unavailableRobotCount"":0},{""time"":700,""action"":""accept"",""completedTaskCount"":7,""activeConflictCount"":0,""failureCount"":0,""blockedCellCount"":0,""unavailableRobotCount"":0}]",[]
main-demo-online,main-demo-online,4,completed,True,,,,887.33,,4,7,1,"{""makespan"":454,""totalDistance"":0,""conflictCount"":0,""loadBalance"":0.0,""assignedTaskCount"":0,""deadlineMissCount"":0,""averageLateness"":0.0,""failureCount"":0,""replanTimeMs"":9.19,""completedTaskCount"":7,""runtimeTaskCount"":1,""activeConflictCount"":0}","[{""time"":12,""action"":""addTask"",""completedTaskCount"":0,""activeConflictCount"":0,""failureCount"":0,""blockedCellCount"":0,""unavailableRobotCount"":0},{""time"":20,""action"":""addBlockedCell"",""completedTaskCount"":0,""activeConflictCount"":0,""failureCount"":0,""blockedCellCount"":1,""unavailableRobotCount"":0},{""time"":28,""action"":""failRobot"",""completedTaskCount"":0,""activeConflictCount"":0,""failureCount"":1,""blockedCellCount"":1,""unavailableRobotCount"":1},{""time"":36,""action"":""removeBlockedCell"",""completedTaskCount"":0,""activeConflictCount"":0,""failureCount"":0,""blockedCellCount"":0,""unavailableRobotCount"":1},{""time"":36,""action"":""restoreRobot"",""completedTaskCount"":0,""activeConflictCount"":0,""failureCount"":0,""blockedCellCount"":0,""unavailableRobotCount"":0},{""time"":700,""action"":""accept"",""completedTaskCount"":7,""activeConflictCount"":0,""failureCount"":0,""blockedCellCount"":0,""unavailableRobotCount"":0}]",[]
main-demo-online,main-demo-online,5,completed,True,,,,912.44,,4,7,1,"{""makespan"":454,""totalDistance"":0,""conflictCount"":0,""loadBalance"":0.0,""assignedTaskCount"":0,""deadlineMissCount"":0,""averageLateness"":0.0,""failureCount"":0,""replanTimeMs"":7.46,""completedTaskCount"":7,""runtimeTaskCount"":1,""activeConflictCount"":0}","[{""time"":12,""action"":""addTask"",""completedTaskCount"":0,""activeConflictCount"":0,""failureCount"":0,""blockedCellCount"":0,""unavailableRobotCount"":0},{""time"":20,""action"":""addBlockedCell"",""completedTaskCount"":0,""activeConflictCount"":0,""failureCount"":0,""blockedCellCount"":1,""unavailableRobotCount"":0},{""time"":28,""action"":""failRobot"",""completedTaskCount"":0,""activeConflictCount"":0,""failureCount"":1,""blockedCellCount"":1,""unavailableRobotCount"":1},{""time"":36,""action"":""removeBlockedCell"",""completedTaskCount"":0,""activeConflictCount"":0,""failureCount"":0,""blockedCellCount"":0,""unavailableRobotCount"":1},{""time"":36,""action"":""restoreRobot"",""completedTaskCount"":0,""activeConflictCount"":0,""failureCount"":0,""blockedCellCount"":0,""unavailableRobotCount"":0},{""time"":700,""action"":""accept"",""completedTaskCount"":7,""activeConflictCount"":0,""failureCount"":0,""blockedCellCount"":0,""unavailableRobotCount"":0}]",[]
seed-17,seeded-pressure,1,completed,True,,,,412.8,17,4,15,3,"{""makespan"":55,""totalDistance"":163,""conflictCount"":0,""loadBalance"":6.42,""assignedTaskCount"":15,""deadlineMissCount"":0,""averageLateness"":0.0,""failureCount"":0,""replanTimeMs"":37.1}",[],[]
seed-17,seeded-pressure,2,completed,True,,,,425.32,17,4,15,3,"{""makespan"":55,""totalDistance"":163,""conflictCount"":0,""loadBalance"":6.42,""assignedTaskCount"":15,""deadlineMissCount"":0,""averageLateness"":0.0,""failureCount"":0,""replanTimeMs"":42.44}",[],[]
seed-17,seeded-pressure,3,completed,True,,,,427.54,17,4,15,3,"{""makespan"":55,""totalDistance"":163,""conflictCount"":0,""loadBalance"":6.42,""assignedTaskCount"":15,""deadlineMissCount"":0,""averageLateness"":0.0,""failureCount"":0,""replanTimeMs"":39.92}",[],[]
seed-17,seeded-pressure,4,completed,True,,,,429.63,17,4,15,3,"{""makespan"":55,""totalDistance"":163,""conflictCount"":0,""loadBalance"":6.42,""assignedTaskCount"":15,""deadlineMissCount"":0,""averageLateness"":0.0,""failureCount"":0,""replanTimeMs"":36.5}",[],[]
seed-17,seeded-pressure,5,completed,True,,,,428.75,17,4,15,3,"{""makespan"":55,""totalDistance"":163,""conflictCount"":0,""loadBalance"":6.42,""assignedTaskCount"":15,""deadlineMissCount"":0,""averageLateness"":0.0,""failureCount"":0,""replanTimeMs"":35.42}",[],[]
seed-29,seeded-pressure,1,completed,True,,,,463.73,29,6,23,3,"{""makespan"":50,""totalDistance"":214,""conflictCount"":0,""loadBalance"":11.46,""assignedTaskCount"":23,""deadlineMissCount"":0,""averageLateness"":0.0,""failureCount"":0,""replanTimeMs"":83.37}",[],[]
seed-29,seeded-pressure,2,completed,True,,,,477.11,29,6,23,3,"{""makespan"":50,""totalDistance"":214,""conflictCount"":0,""loadBalance"":11.46,""assignedTaskCount"":23,""deadlineMissCount"":0,""averageLateness"":0.0,""failureCount"":0,""replanTimeMs"":85.0}",[],[]
seed-29,seeded-pressure,3,completed,True,,,,466.79,29,6,23,3,"{""makespan"":50,""totalDistance"":214,""conflictCount"":0,""loadBalance"":11.46,""assignedTaskCount"":23,""deadlineMissCount"":0,""averageLateness"":0.0,""failureCount"":0,""replanTimeMs"":85.39}",[],[]
seed-29,seeded-pressure,4,completed,True,,,,454.55,29,6,23,3,"{""makespan"":50,""totalDistance"":214,""conflictCount"":0,""loadBalance"":11.46,""assignedTaskCount"":23,""deadlineMissCount"":0,""averageLateness"":0.0,""failureCount"":0,""replanTimeMs"":80.8}",[],[]
seed-29,seeded-pressure,5,completed,True,,,,455.02,29,6,23,3,"{""makespan"":50,""totalDistance"":214,""conflictCount"":0,""loadBalance"":11.46,""assignedTaskCount"":23,""deadlineMissCount"":0,""averageLateness"":0.0,""failureCount"":0,""replanTimeMs"":81.98}",[],[]
seed-31,seeded-pressure,1,completed,True,,,,525.05,31,8,27,3,"{""makespan"":46,""totalDistance"":232,""conflictCount"":0,""loadBalance"":6.91,""assignedTaskCount"":27,""deadlineMissCount"":0,""averageLateness"":0.0,""failureCount"":0,""replanTimeMs"":136.09}",[],[]
seed-31,seeded-pressure,2,completed,True,,,,513.89,31,8,27,3,"{""makespan"":46,""totalDistance"":232,""conflictCount"":0,""loadBalance"":6.91,""assignedTaskCount"":27,""deadlineMissCount"":0,""averageLateness"":0.0,""failureCount"":0,""replanTimeMs"":136.09}",[],[]
seed-31,seeded-pressure,3,completed,True,,,,519.92,31,8,27,3,"{""makespan"":46,""totalDistance"":232,""conflictCount"":0,""loadBalance"":6.91,""assignedTaskCount"":27,""deadlineMissCount"":0,""averageLateness"":0.0,""failureCount"":0,""replanTimeMs"":134.49}",[],[]
seed-31,seeded-pressure,4,completed,True,,,,510.1,31,8,27,3,"{""makespan"":46,""totalDistance"":232,""conflictCount"":0,""loadBalance"":6.91,""assignedTaskCount"":27,""deadlineMissCount"":0,""averageLateness"":0.0,""failureCount"":0,""replanTimeMs"":134.36}",[],[]
seed-31,seeded-pressure,5,completed,True,,,,524.22,31,8,27,3,"{""makespan"":46,""totalDistance"":232,""conflictCount"":0,""loadBalance"":6.91,""assignedTaskCount"":27,""deadlineMissCount"":0,""averageLateness"":0.0,""failureCount"":0,""replanTimeMs"":137.15}",[],[]
safety-gate-boundary,safety-gate,1,completed,True,,,,395.34,,2,2,0,"{""collisionFree"":true,""safetyInterventionCount"":3,""safetyStallCount"":3,""activeConflictCount"":0}",[],"[{""time"":0,""positions"":{""R1"":[0,0],""R2"":[2,0]},""safetyIntervention"":false,""safetyStallCount"":0},{""time"":1,""positions"":{""R1"":[0,0],""R2"":[1,0]},""safetyIntervention"":false,""safetyStallCount"":0},{""time"":2,""positions"":{""R1"":[0,0],""R2"":[1,0]},""safetyIntervention"":true,""safetyStallCount"":0},{""time"":3,""positions"":{""R1"":[0,0],""R2"":[1,0]},""safetyIntervention"":true,""safetyStallCount"":0},{""time"":4,""positions"":{""R1"":[0,0],""R2"":[1,0]},""safetyIntervention"":true,""safetyStallCount"":3}]"
safety-gate-boundary,safety-gate,2,completed,True,,,,393.77,,2,2,0,"{""collisionFree"":true,""safetyInterventionCount"":3,""safetyStallCount"":3,""activeConflictCount"":0}",[],"[{""time"":0,""positions"":{""R1"":[0,0],""R2"":[2,0]},""safetyIntervention"":false,""safetyStallCount"":0},{""time"":1,""positions"":{""R1"":[0,0],""R2"":[1,0]},""safetyIntervention"":false,""safetyStallCount"":0},{""time"":2,""positions"":{""R1"":[0,0],""R2"":[1,0]},""safetyIntervention"":true,""safetyStallCount"":0},{""time"":3,""positions"":{""R1"":[0,0],""R2"":[1,0]},""safetyIntervention"":true,""safetyStallCount"":0},{""time"":4,""positions"":{""R1"":[0,0],""R2"":[1,0]},""safetyIntervention"":true,""safetyStallCount"":3}]"
safety-gate-boundary,safety-gate,3,completed,True,,,,380.54,,2,2,0,"{""collisionFree"":true,""safetyInterventionCount"":3,""safetyStallCount"":3,""activeConflictCount"":0}",[],"[{""time"":0,""positions"":{""R1"":[0,0],""R2"":[2,0]},""safetyIntervention"":false,""safetyStallCount"":0},{""time"":1,""positions"":{""R1"":[0,0],""R2"":[1,0]},""safetyIntervention"":false,""safetyStallCount"":0},{""time"":2,""positions"":{""R1"":[0,0],""R2"":[1,0]},""safetyIntervention"":true,""safetyStallCount"":0},{""time"":3,""positions"":{""R1"":[0,0],""R2"":[1,0]},""safetyIntervention"":true,""safetyStallCount"":0},{""time"":4,""positions"":{""R1"":[0,0],""R2"":[1,0]},""safetyIntervention"":true,""safetyStallCount"":3}]"
safety-gate-boundary,safety-gate,4,completed,True,,,,370.52,,2,2,0,"{""collisionFree"":true,""safetyInterventionCount"":3,""safetyStallCount"":3,""activeConflictCount"":0}",[],"[{""time"":0,""positions"":{""R1"":[0,0],""R2"":[2,0]},""safetyIntervention"":false,""safetyStallCount"":0},{""time"":1,""positions"":{""R1"":[0,0],""R2"":[1,0]},""safetyIntervention"":false,""safetyStallCount"":0},{""time"":2,""positions"":{""R1"":[0,0],""R2"":[1,0]},""safetyIntervention"":true,""safetyStallCount"":0},{""time"":3,""positions"":{""R1"":[0,0],""R2"":[1,0]},""safetyIntervention"":true,""safetyStallCount"":0},{""time"":4,""positions"":{""R1"":[0,0],""R2"":[1,0]},""safetyIntervention"":true,""safetyStallCount"":3}]"
safety-gate-boundary,safety-gate,5,completed,True,,,,373.21,,2,2,0,"{""collisionFree"":true,""safetyInterventionCount"":3,""safetyStallCount"":3,""activeConflictCount"":0}",[],"[{""time"":0,""positions"":{""R1"":[0,0],""R2"":[2,0]},""safetyIntervention"":false,""safetyStallCount"":0},{""time"":1,""positions"":{""R1"":[0,0],""R2"":[1,0]},""safetyIntervention"":false,""safetyStallCount"":0},{""time"":2,""positions"":{""R1"":[0,0],""R2"":[1,0]},""safetyIntervention"":true,""safetyStallCount"":0},{""time"":3,""positions"":{""R1"":[0,0],""R2"":[1,0]},""safetyIntervention"":true,""safetyStallCount"":0},{""time"":4,""positions"":{""R1"":[0,0],""R2"":[1,0]},""safetyIntervention"":true,""safetyStallCount"":3}]"
